Line Item,Quantity,Ref Des,Description,Manufacturer ,Manufacturer Part Number ,Distributor ,Distributor Part Number 
1,2,+ACI-C1, C3+ACI-,47uF,Panasonic Industry,ECA+AC0-1CM470I,Mouser,667+AC0-ECA+AC0-1CM470I
2,2,+ACI-C2, C6+ACI-,1nF,TDK,FG18C0G1H102JNT0,Mouser,810+AC0-FG18C0G1H102JNT0
3,1,C4,47nF,TDK,FG16C0G2A473JRT06,Mouser,810+AC0-FG16C0G2A473JRT6
4,1,C5,220uF,Wurth Electronic,860020373010 ,Mouser,710+AC0-860020373010
5,2,+ACI-C7, C15+ACI-,100uF,Panasonic Industry,ECA+AC0-1EM101I ,Mouser,667+AC0-ECA+AC0-1EM101I 
6,3,+ACI-C8, C12, C14+ACI-,10uF,Panasonic Industry,ECE+AC0-A1VKA100I ,Mouser,667+AC0-ECE+AC0-A1VKA100I
7,1,C9,10nF,TDK,FG18C0G1H103JNT6 ,Mouser,810+AC0-FG18C0G1H103JNT6 
8,1,C10,100nF,TDK,FG18X7R1H104KNT6,Mouser,810+AC0-FG18X7R1H104KNT6
9,1,C11,1uF,Panasonic Industry,ECA+AC0-2EM010,Mouser,667+AC0-ECA+AC0-2EM010
10,1,C13,330nF,TDK,FG18X7R1H334KRT00,Mouser,810+AC0- FG18X7R1H334KRT00
11,1,D1,1N4001,Vishay,1N4001+AC0-E3/54,Mouser,625+AC0-1N4001+AC0-E3/54 
12,1,D2,1N4148,onsemi,1N4148 ,Mouser,512+AC0-1N4148 
13,3,+ACI-R1, R4, R6+ACI-,330R,KOA Speer,MF1/4DCT52R3300F ,Mouser,660+AC0-MF1/4DCT52R3300F 
14,1,R2,18k,KOA Speer,MF1/4DCT52R1802F ,Mouser,660+AC0-MF1/4DCT52R1802F 
15,3,+ACI-R3, R8, R9+ACI-,5.6k,KOA Speer,MF1/4DCT52R5601F ,Mouser,660+AC0-MF1/4DCT52R5601F 
16,2,+ACI-R5, R7+ACI-,680R,KOA Speer,MF1/4DCT52R6800F ,Mouser,660+AC0-MF1/4DCT52R6800F 
17,1,R10,220R,KOA Speer,MF1/4DCT52R2200F ,Mouser,660+AC0-MF1/4DCT52R2200F 
18,1,R11,7.5R,KOA Speer,MF1/4DCT52R7R50F ,Mouser,660+AC0-MF1/4DCT52R7R50F 
19,1,R12,0R (link),(use wire/resistor lead),,,
20,1,R13,6.2k,KOA Speer,MF1/4DCT52R6201F ,Mouser,660+AC0-MF1/4DCT52R6201F
21,1,R15,22k,KOA Speer,MF1/4DCT52R2202F,Mouser,660+AC0-MF1/4DCT52R2202F
22,2,+ACI-R16, R17+ACI-,1k,KOA Speer,MF1/4DCT52R1001F ,Mouser,660+AC0-MF1/4DCT52R1001F 
23,2,+ACI-Q1, Q3+ACI-,2N3904,onsemi,2N3904BU ,Mouser,512+AC0-2N3904BU
24,1,Q2,2N3906,onsemi,2N3906BU ,Mouser,512+AC0-2N3906BU
25,1,Q4,2N7000,onsemi,2N7000 ,Mouser,512+AC0-2N7000
26,5,+ACI-S1, S2, S3, S4, S5+ACI-,EG2301B,E+AC0-switch,EG2301B,Mouser,512+AC0- EG2301B
27,5,+ACI-VR1, VR2, VR3, VR4, VR5+ACI-,1k potentiometer,Alpha,1K OHM Linear Taper Potentiometer Spline Shaft PCB Mount 9mm,Tayda,A+AC0-6138
28,1,VR6,100k potentiometer,Tayda,100K OHM Linear Taper Potentiometer Spline Long Shaft PCB Mount,Tayda,A+AC0-7936 
29,1,J1,DC power connector,WEALTH METAL,DC Power Jack 2.1mm Barrel+AC0-Type PCB Mount,Tayda,A+AC0-4118 
30,2,+ACI-J2, J3+ACI-,Right angle RCA socket,Same Sky,RCJ+AC0-014,Mouser,RCJ+AC0-014
31,1,J4,3.5mm jack,Tayda,PJ+AC0-3001F,Tayda,A+AC0-2563 
32,1,,CBV001S PCB,(PCB manufacturer of your choice),,,
33,1,,CBV001S Enclosure,(Laser cut acrylic 3mm),,,
34,4,,M3 spacer 30mm FF,Tayda,Brass Standoff Spacer Golden Screw Hex Female M3x30mm,Tayda,A+AC0-1225 
35,4,,M3 spacer 10mm FF,Tayda,Brass Standoff Spacer Golden Screw Hex Female M3x10mm,Tayda,A+AC0-1232
36,12,,M3 6mm screws,Tayda,M3 Hexagon Socket Head Cap Screw 3x6mm Grade 12.9,Tayda,A+AC0-6379 
37,4,,M3 8mm screws,Tayda,M3 Hexagon Socket Head Cap Screw 3x8mm Grade 12.10,Tayda,A+AC0-6393 
38,4,,Rubber foot,Tayda,Rubber Feet Black 64pcs/Block Size 12MMx4MM for Enclosure,Tayda,A+AC0-7506 
39,5,,Knobs,TAIWAN,Knob DAVIES 1900H CLONE Black Shaft 6x18T,Tayda,A+AC0-8657 
